id,farm_crop_id,market_id,group_sale_id,qty_kg,price_per_kg_rwf,sold_on,used_recommendation
1430c72b-c4bb-4714-a94d-d08bf521640b,c1cc1d7e-70e7-486b-84b8-8d02f87338d6,3d96f1e6-906d-454a-a53b-2e9ec7136daf,,688,777,2026-04-16,true
6c94f662-b4fb-4ed7-bb28-f3fd2a5063eb,094cf7a4-2af7-41e5-aaa3-35beaf0d9a15,e687ea86-c18b-479b-b4e9-f1ac187117d0,,432,661,2026-04-29,false
2d066cf9-0a47-429f-9fa8-20419feb0934,6b865dca-0499-4844-8f5c-5e1566d3d3fe,78cdf232-e2e4-43f3-81c2-d06c4f1781f2,,726,850,2026-05-03,true
dd9d21bd-1f7c-4b2d-8ff4-f88923ae6321,49e014ba-08fd-44f9-848f-a0e45d8491e5,34673b3c-46d5-42bd-a614-43dfbc126bf1,,530,747,2026-04-18,true
b564f82b-e56a-4405-94b2-5e953bb347c5,71be4534-3e24-47a2-9beb-1a4bbaade6ed,d650292e-5f02-4723-baba-6c18168de0e3,,258,792,2026-05-03,true
913d552b-dd19-416a-ad11-d8ec46e59b6a,b38c3a6b-0166-4566-a226-a7ac5add43af,f987b6cf-eaac-4b77-9c4c-10842ee0ef58,,670,757,2026-05-01,true
ded09d37-d460-4328-aa2c-c6a77cfb7e5a,159acb03-7e4c-43fe-bdcd-ab736472a7e7,e687ea86-c18b-479b-b4e9-f1ac187117d0,,502,578,2026-04-19,true
c6c850ba-24c3-4084-b71d-d61b368286a7,f60a7359-7018-40d0-8564-74a2fdd020fc,87867d81-ac74-46f9-85c8-dc55794a5e2e,,162,1038,2026-04-09,true
0d7ba943-24f4-4165-b3fc-5fa0f5866f9c,b7600d31-da45-4b91-90ed-a23a00480fda,34673b3c-46d5-42bd-a614-43dfbc126bf1,,485,755,2026-04-16,true
1e1d82e1-95cd-4473-99dc-ee498f5550c4,75ba2c4a-edba-4303-a261-5c30f849569c,34673b3c-46d5-42bd-a614-43dfbc126bf1,,387,751,2026-04-07,true
ead2adb6-9712-46fc-9279-c2462885fece,e7933b94-0b80-4120-9894-af55a9df82d0,e687ea86-c18b-479b-b4e9-f1ac187117d0,,503,786,2026-04-11,true
a71a3666-040e-4b56-bbd7-174f2d6c98c0,a8b71d8d-350c-4fab-9740-5a79105ca597,3d96f1e6-906d-454a-a53b-2e9ec7136daf,,761,1009,2026-04-12,true
09a4b023-07e1-4000-8ad1-9f8dc92a4529,eebd2cfc-9eb2-4834-a145-4f6f235c43be,e687ea86-c18b-479b-b4e9-f1ac187117d0,,672,423,2026-05-02,false
1a8a8d8d-3225-4113-88c2-8ba62ed526f2,152bf13b-900a-432e-956d-d59579cf8f73,f987b6cf-eaac-4b77-9c4c-10842ee0ef58,,228,319,2026-04-06,false
b819e710-ba60-4f93-9596-277c5d0a6ba6,ec1a618b-7ef0-4ef8-9cc0-0f730c6a7345,a7579a83-4148-47eb-9d30-6c5d8756accb,,561,879,2026-05-02,false
9186a33b-e7d6-44a8-b37c-0e01de420eb4,a3fa1940-2a8f-45f6-a862-98422726039e,34673b3c-46d5-42bd-a614-43dfbc126bf1,,744,538,2026-04-17,true
6aa6fb55-a9f4-4901-80d0-ebca84fef7d4,5d63ab7e-5933-4e07-93bb-2c40d3dfbe83,87867d81-ac74-46f9-85c8-dc55794a5e2e,,271,1040,2026-04-10,true
f65fff56-f4a3-4a5d-bb51-f0974d74d888,1ca2fb2f-53cd-4f8b-8e9a-1b7c44207f83,34673b3c-46d5-42bd-a614-43dfbc126bf1,,474,610,2026-04-30,false
54e5bb52-6f4e-4290-95fd-393fc2778ae5,809960b7-2f6c-44ad-9353-0ebf9bc72196,1de3a37a-8403-42a9-bb4d-686937393109,,788,872,2026-04-28,false
9eff783f-c42f-4b9a-ad67-5eccbac859b3,3f682fa7-6a7c-4e3c-9e00-bd3c7d28bce2,a7579a83-4148-47eb-9d30-6c5d8756accb,,719,610,2026-04-13,false
120acc56-1a8c-48f8-8f4d-814eb2ada129,b82baede-1423-4089-93cb-88e3772248e7,d650292e-5f02-4723-baba-6c18168de0e3,,778,774,2026-04-26,true
17688c43-24a4-4545-a208-07c38921e4f8,52900cae-be82-43cc-b004-b6ab9372128b,78cdf232-e2e4-43f3-81c2-d06c4f1781f2,,498,817,2026-05-03,true
a1b024b9-fcc6-44b3-9463-d359363ed961,0c261656-5c29-4b11-9580-7c2278c2a4a7,e687ea86-c18b-479b-b4e9-f1ac187117d0,,751,332,2026-04-18,false
1d367044-d8f5-48f5-b4af-1fd0acd4f4c6,b407cdab-2eb4-46c3-b9c5-04c5367f355e,3d96f1e6-906d-454a-a53b-2e9ec7136daf,,491,319,2026-04-14,false
fd37f60c-bfb7-42e3-bfff-39b619da173d,9b955bc0-1b06-47fe-920f-72cc45ccfc22,3d96f1e6-906d-454a-a53b-2e9ec7136daf,,339,561,2026-04-08,true
8f51a2b0-372d-4f1f-b4a8-f88377a02ff5,64d8df90-b4f8-4202-9e68-6f82c5867b8e,34673b3c-46d5-42bd-a614-43dfbc126bf1,,249,878,2026-04-24,true
bb5e1300-7500-4ff3-bfb9-0efe3c6ed33a,3695b187-9ae3-451b-8159-c91b3e5fd81e,e687ea86-c18b-479b-b4e9-f1ac187117d0,,761,1096,2026-04-07,true
4d60cd83-ce80-42f9-a549-4703d87c16ed,2b2af287-a540-430f-8bd7-111013f80a77,f987b6cf-eaac-4b77-9c4c-10842ee0ef58,,722,413,2026-04-13,true
90de1e56-a24a-4124-8221-f8834fcd4f1d,6e80dbf4-f39d-4c64-b946-df01a933c926,78cdf232-e2e4-43f3-81c2-d06c4f1781f2,,403,719,2026-04-19,true
5aef1955-aa7d-41b3-b44d-ad03a1505d3b,d4a423df-bdf8-4f91-921a-a17fc1708d67,e687ea86-c18b-479b-b4e9-f1ac187117d0,,51,831,2026-04-12,true
ca29aa86-9489-4fdd-a838-08cfbb56859f,cc711ab6-db81-4ac4-8b68-139d4199e30f,d650292e-5f02-4723-baba-6c18168de0e3,,260,875,2026-04-22,true
89c12145-ceac-40fa-968c-ed27f5db2acc,6c6deb41-ed68-41d8-8ce3-f74394dc1479,1de3a37a-8403-42a9-bb4d-686937393109,,255,340,2026-04-10,false
e363d430-9eae-4e20-8e41-ba5527a41984,c8dc5737-c44f-4c17-b47b-85e43d977182,a7579a83-4148-47eb-9d30-6c5d8756accb,,644,748,2026-04-26,true
cfae95be-e097-4e59-9bed-30432edec4c4,cfd10013-9bed-4552-b663-dc4053413654,87867d81-ac74-46f9-85c8-dc55794a5e2e,,248,339,2026-04-10,false
3162bfad-2943-4d59-8427-321c150f93f0,ee90eeb5-31a2-4fd6-a715-3ab7783bc493,e687ea86-c18b-479b-b4e9-f1ac187117d0,,226,745,2026-04-07,true
8c4c1bfd-8280-4060-b698-b133d5e95a65,1ba2fffb-9010-40c2-893d-0e40b0c75c06,e687ea86-c18b-479b-b4e9-f1ac187117d0,,761,671,2026-04-13,false
103fbe1a-fd4c-498e-be70-f4175b80ce97,f7e4e2b9-7dae-40f1-8fef-87ad6adbb382,87867d81-ac74-46f9-85c8-dc55794a5e2e,,306,1053,2026-04-08,true
6a48e9ee-8697-4e49-a59b-f5c2cd023dfd,ef05652d-9892-4861-a944-bb25e1f0f1d7,d650292e-5f02-4723-baba-6c18168de0e3,,540,558,2026-04-06,true
bb27d67a-8b09-4f2a-8754-0d0cc189b788,d63163d5-6a28-4fef-a07c-7b3b6c2afc8a,34673b3c-46d5-42bd-a614-43dfbc126bf1,,126,579,2026-04-19,true
fcf66c23-1243-45e3-9a86-0a1241ecbdaa,9b81576c-f2cc-4273-b9d7-2db56e93a0c7,34673b3c-46d5-42bd-a614-43dfbc126bf1,,387,599,2026-04-15,false
d5535ebb-6c89-4d25-810e-304547bfb1cc,cfc65fdf-55a6-4436-9baf-dc354b159d58,e687ea86-c18b-479b-b4e9-f1ac187117d0,,698,394,2026-04-27,true
cb769442-076a-4a3a-8d95-a64fd6ed2774,565b6e7e-8574-438a-94fc-44c09e9eca00,a7579a83-4148-47eb-9d30-6c5d8756accb,,652,436,2026-05-04,false
4ff36695-4dd4-4033-a779-0360c30e3043,93b2f4f8-5d93-4866-89b8-69eb22e4f68a,34673b3c-46d5-42bd-a614-43dfbc126bf1,,618,613,2026-04-21,false
05a8d175-2c91-4da1-ba7a-301c320a73e2,c54338a8-fbc5-4ef0-8d25-9c1cf567e54b,1de3a37a-8403-42a9-bb4d-686937393109,,285,583,2026-04-30,false
a04ffbc1-e2fd-4869-8bb7-a1305fce37c3,d565a4a9-8ed4-442c-b97b-5546ba3c3f3a,78cdf232-e2e4-43f3-81c2-d06c4f1781f2,,722,405,2026-04-29,true
ec820b30-6b35-4223-86f2-5959783756f1,42b0f525-ac63-4eed-9cbb-e41a8f0741f5,c1f0b667-562e-47f1-ba82-8a30e163854b,,768,577,2026-04-18,true
494e1ff9-ad9b-4560-8d0c-6bc5fcae672c,668c3e1b-41c5-46a6-b79e-a9a1ac1e16e1,c1f0b667-562e-47f1-ba82-8a30e163854b,,792,754,2026-04-18,true
7bca729e-a20a-43a3-808b-25e5629a65ff,a69f9f2c-d65d-4839-b762-49e193d46d97,f987b6cf-eaac-4b77-9c4c-10842ee0ef58,,575,1005,2026-04-08,true
fc2aa788-1fbd-4cf9-8d9b-6d46c37388cb,a29a2df4-ac26-4aa2-9a70-d8d66c762c56,87867d81-ac74-46f9-85c8-dc55794a5e2e,,398,460,2026-04-10,false
7ccadf37-c39e-4f12-95bc-ef358b77401a,28e90e29-0491-42ca-8c1a-cde1a2a640a6,78cdf232-e2e4-43f3-81c2-d06c4f1781f2,,364,762,2026-04-20,true
4ab6478a-da78-4db5-8fd5-5546715ea83e,16725264-830f-490b-a9ec-0a1c47874b66,f987b6cf-eaac-4b77-9c4c-10842ee0ef58,,286,1061,2026-05-02,true
388ec1bb-549a-4628-9813-31bef1e1f800,87e8259f-66e7-4292-93b3-48aad314454c,e687ea86-c18b-479b-b4e9-f1ac187117d0,,800,704,2026-05-03,false
d4ea5d31-296b-42b5-ba30-1004e6ddfa40,0d7a356d-89fd-4e38-aad8-3f03304a7ebe,3d96f1e6-906d-454a-a53b-2e9ec7136daf,,504,540,2026-05-04,true
71c621cb-3eff-42fc-8f53-a3f92467fa4c,6adb6629-fc70-417a-bbb2-b66132dc3635,1de3a37a-8403-42a9-bb4d-686937393109,,70,731,2026-05-05,true
6805a060-b314-4803-9c8e-5b929f1960fe,1a2dda79-8eca-4c84-9f28-f910ad93e727,34673b3c-46d5-42bd-a614-43dfbc126bf1,,347,399,2026-05-03,true
bbcfe149-72c1-46dd-aa72-e535e5a1aabd,41a07195-71d9-4862-855a-8ee5d956f66f,a7579a83-4148-47eb-9d30-6c5d8756accb,,217,1037,2026-04-25,true
daf5df92-e2dd-40df-a316-0f2ce583dc24,71125c08-4158-4710-ac09-9c331e6356ed,e687ea86-c18b-479b-b4e9-f1ac187117d0,,435,845,2026-04-18,false
4d9c3359-96b7-4c39-931b-cd2872e74140,d86a4f48-3c13-4191-9103-7511be9a5abe,f987b6cf-eaac-4b77-9c4c-10842ee0ef58,,345,827,2026-04-13,false
5d770505-29ff-4f2f-8529-ccf19eabfed5,37c4e51c-9241-40c2-8115-2392aa501738,1de3a37a-8403-42a9-bb4d-686937393109,,586,525,2026-04-28,true
ccfe99ff-3428-4a38-b26f-db7602578b0e,6f2b76cf-21ea-4e21-a066-a871f7abde17,f987b6cf-eaac-4b77-9c4c-10842ee0ef58,,630,522,2026-05-05,true
9d3ee19b-9baa-4ded-87b0-5dbeb7befa43,05770365-1423-4049-af23-da4333ba2377,1de3a37a-8403-42a9-bb4d-686937393109,,234,525,2026-04-07,true
a9cdd6e4-7bff-4ef4-ab95-4d168c23c725,481a2219-522c-46a4-9542-0d9148a6b348,34673b3c-46d5-42bd-a614-43dfbc126bf1,,643,425,2026-04-06,false
f2e99459-6b99-44a3-82d5-9b1826447bd1,8e0b681c-eefa-44af-ad1d-96085ea7818a,87867d81-ac74-46f9-85c8-dc55794a5e2e,,506,765,2026-04-25,true
79a25416-2cf2-48fa-ba09-136dbd5817b2,705de526-9c8e-45a1-ae08-da31a011dfb7,e687ea86-c18b-479b-b4e9-f1ac187117d0,,539,422,2026-04-19,false
ccfdb0b4-f8bd-46a5-99bd-2c245d48d436,6fc7447a-ae40-43bb-b127-09bbbaa8b85a,87867d81-ac74-46f9-85c8-dc55794a5e2e,,636,812,2026-05-02,true
3544aa97-f316-4f13-a08f-7085f72826ec,312d1414-17b1-4ad8-b7f4-c78fa544e08e,e687ea86-c18b-479b-b4e9-f1ac187117d0,,227,814,2026-04-28,true
2aa7f2e4-2619-4b01-9927-7b9f5e9e387c,e30b8c10-eb16-4c08-87a6-5e8cb114ce72,78cdf232-e2e4-43f3-81c2-d06c4f1781f2,,221,409,2026-04-19,true
74e5aabd-8c02-4389-8bcf-d8de8b603772,0061a126-6223-4b5b-ad4f-d5690c1a78e4,87867d81-ac74-46f9-85c8-dc55794a5e2e,,290,761,2026-04-13,true
78e72e5d-437f-4652-9e1d-c631b590375d,ed2b87c4-5458-4686-8120-aed2b355ed6d,3d96f1e6-906d-454a-a53b-2e9ec7136daf,,586,738,2026-04-25,true
cb33a7ad-8a4a-466c-a68b-4e221acae857,6e54b17e-c018-43de-9820-4e48ca6378ad,34673b3c-46d5-42bd-a614-43dfbc126bf1,,557,1090,2026-05-05,true
a54af437-f984-4cac-9b99-209a290aec5c,fb7f61c3-3f2e-4a3c-a6e9-70b1e6be445b,1de3a37a-8403-42a9-bb4d-686937393109,,113,792,2026-04-14,true
04366d1c-5b7e-4295-975e-758f79f0e2f1,9148a50c-2d70-419a-8a35-629b68a5cfe3,3d96f1e6-906d-454a-a53b-2e9ec7136daf,,324,449,2026-05-05,false
450f0a0f-afe1-4b2f-bb5f-a2175c7cc10e,7d249caf-b431-425c-ad56-2a0f1e22a27c,87867d81-ac74-46f9-85c8-dc55794a5e2e,,250,309,2026-04-24,false
4dc88159-8a45-4633-a879-d26a38ace17f,7f61dd48-2e35-4081-8065-3e1fc3ede38b,34673b3c-46d5-42bd-a614-43dfbc126bf1,,763,537,2026-04-21,true
0cb84656-2e5d-445a-afc9-6c722f2de134,1de0a3ae-0e26-4d47-b587-bb809824a761,87867d81-ac74-46f9-85c8-dc55794a5e2e,,413,1053,2026-04-09,true
66b96290-53df-41b0-85a7-beffbe4dba62,ab2c06cb-01ee-4412-84be-ce330ffe8ea6,78cdf232-e2e4-43f3-81c2-d06c4f1781f2,,417,870,2026-04-28,false
2a03b227-95c0-4315-89a6-cad801167c7b,7b995a61-720e-444e-a963-2ebb0b4b7866,a7579a83-4148-47eb-9d30-6c5d8756accb,,125,532,2026-04-28,true
c42562c4-e7d7-4db1-8e7a-3965aef521e6,7063fdf1-4b25-4e1b-bd45-c3c6c4a80565,87867d81-ac74-46f9-85c8-dc55794a5e2e,,122,399,2026-04-14,true
50bd20b0-4554-40ba-99f6-3799b5f9d6ea,a32466d1-d50d-46ae-8df3-411d17ff9d22,87867d81-ac74-46f9-85c8-dc55794a5e2e,,758,644,2026-04-20,false
329a2afa-90c8-4c4f-af80-9bceab1b3494,89a401ea-714c-4e56-a4b1-d87aa14aa1f0,a7579a83-4148-47eb-9d30-6c5d8756accb,,622,592,2026-04-13,false
99b36a7c-4d9d-4252-9b8a-a9cd7987e176,a41e0c61-3186-4176-a3c3-9677d1b7dc58,f987b6cf-eaac-4b77-9c4c-10842ee0ef58,,329,748,2026-05-04,true
cfb772c2-a27f-4d8a-a2e5-b581eb8018a6,9c0c39b7-9ca0-4377-9c73-ad15889eb621,3d96f1e6-906d-454a-a53b-2e9ec7136daf,,383,392,2026-04-26,true
c35a26c4-9a45-43fe-90eb-d8da301e9f0f,0d9c5565-12a5-443a-8d3a-3518fc61d414,3d96f1e6-906d-454a-a53b-2e9ec7136daf,,267,790,2026-05-05,true
deb3d3c9-3b73-4227-a366-4490cb1e4832,89bf304c-4521-42ee-84c6-45f9fd78cec7,1de3a37a-8403-42a9-bb4d-686937393109,,129,309,2026-05-05,false
0e8e1970-c2c5-4e69-bb6e-7353dfd9dc2d,e0a8d7d8-20c1-4573-8255-01934b5df37c,a7579a83-4148-47eb-9d30-6c5d8756accb,,770,870,2026-04-11,true
4c6eda65-7fb3-479d-97de-f04a88995c50,5fbd4011-1eef-4446-ac0d-2208954c89c8,c1f0b667-562e-47f1-ba82-8a30e163854b,,669,665,2026-04-08,false
12a01e09-8e90-4234-bb60-c5bd5a5ea5cd,5176e162-e5df-4188-be93-899d83d86c20,1de3a37a-8403-42a9-bb4d-686937393109,,457,307,2026-04-06,false
cede3315-eb91-47e3-a57d-c069803578e6,59fafac6-e03d-4752-bab4-178c39aa617f,34673b3c-46d5-42bd-a614-43dfbc126bf1,,551,852,2026-04-13,true
cddd5ca2-9f9b-4464-8ffe-55eb7566aad3,5d9e790e-4ace-4c18-9339-6542216b3d62,f987b6cf-eaac-4b77-9c4c-10842ee0ef58,,626,1001,2026-04-22,true
503b1115-3e36-4fb4-8b02-a782faeddaa5,63c9bcfd-9ded-486b-90ab-bc1fde4c5cc1,c1f0b667-562e-47f1-ba82-8a30e163854b,,728,764,2026-05-05,true
bfc22676-b0d7-426c-a26c-6c0c29105522,3a80f6a4-39ed-403e-b971-f2b6f687c5ce,34673b3c-46d5-42bd-a614-43dfbc126bf1,,273,1073,2026-05-02,true
aea366a2-4435-4d42-8e58-29f08142101e,bd956936-1078-4fdd-ac77-4758aeafd439,1de3a37a-8403-42a9-bb4d-686937393109,,343,729,2026-04-11,true
85794c3e-f43b-43e7-938b-34c4bbd6ba8c,0d876622-c974-483b-b2bb-bbab418d02c0,87867d81-ac74-46f9-85c8-dc55794a5e2e,,772,540,2026-04-30,true
a0ba05f3-9921-4754-9dba-74c70370e276,d5b06888-35ee-4629-a7fc-309c44444174,1de3a37a-8403-42a9-bb4d-686937393109,,696,740,2026-04-19,true
50fd5bfa-2199-4543-94b5-d43e2cfd9ae8,88fdec5f-0fd0-4f36-930f-d4304b1a3202,34673b3c-46d5-42bd-a614-43dfbc126bf1,,794,393,2026-05-02,true
4c41a611-f7eb-4919-b08a-7a60cf2e4906,ca939ba9-8f5d-4570-b066-cf51a702d553,3d96f1e6-906d-454a-a53b-2e9ec7136daf,,306,754,2026-04-26,true
27c1de40-ac0a-4cb1-b8a2-98259a5ef9fe,5041b316-2616-453a-aff8-dd2f133a7e9b,1de3a37a-8403-42a9-bb4d-686937393109,,272,703,2026-04-19,false
47590e6e-bdfd-4bde-811d-53e6e8df421e,3fe83c05-4eca-459d-957e-c35fc37c763c,1de3a37a-8403-42a9-bb4d-686937393109,,308,856,2026-04-21,true
163c77d0-fa6a-4eaa-b159-895377e93879,60017c46-d9b6-4bb4-9a9d-e435477f63d0,f987b6cf-eaac-4b77-9c4c-10842ee0ef58,,244,529,2026-04-19,true
79a0e408-4c49-4f83-869e-8bf3efccbc9e,0e2bc86e-bc33-4e50-86f3-135245fc59bd,e687ea86-c18b-479b-b4e9-f1ac187117d0,,666,1028,2026-04-22,true
25430e9e-61a1-472c-854c-554c8f9d1011,595cb122-3300-4223-b041-9abd27afbb31,c1f0b667-562e-47f1-ba82-8a30e163854b,,395,856,2026-04-17,false
2b2dc397-4124-4589-8b86-6b4d9269b549,655068a3-dc6b-49b2-9b82-c4a3d25b8745,34673b3c-46d5-42bd-a614-43dfbc126bf1,,482,1037,2026-05-03,true
b4c2ed8e-f3fd-43e3-bd71-7bfe3f6969db,0e95fa39-6070-4856-96ec-effc6fff08f9,e687ea86-c18b-479b-b4e9-f1ac187117d0,,140,623,2026-05-02,false
27e86138-84b4-409a-9035-5065b297c7fe,3919c2a9-4730-4e0b-970e-377aaa8f21c9,f987b6cf-eaac-4b77-9c4c-10842ee0ef58,,775,416,2026-04-14,true
b85a0793-acd2-4045-8a6d-5a2bf6d988df,6ad455a4-6b9d-4ebe-a9e6-d591736c8a33,f987b6cf-eaac-4b77-9c4c-10842ee0ef58,,681,745,2026-04-09,true
a5e628bd-8c27-4bac-a698-97ad18f22c52,e16db63e-6aa4-4df7-84a3-146925c09275,1de3a37a-8403-42a9-bb4d-686937393109,,464,383,2026-04-15,true
a1c64581-e31a-467b-b9af-7cd26b650440,0c8a5341-c102-41ca-8226-9108f6131cea,34673b3c-46d5-42bd-a614-43dfbc126bf1,,605,819,2026-05-01,true
ece2d8b5-9367-4d18-b35f-d23c394db9b0,512e69a1-27a6-42ea-8cc9-59ac2b0f624e,f987b6cf-eaac-4b77-9c4c-10842ee0ef58,,762,888,2026-04-06,false
37ae093c-a976-420a-b610-af204bc1fcd1,1f2393ed-7f3a-4a23-a044-ecd44130266f,e687ea86-c18b-479b-b4e9-f1ac187117d0,,693,788,2026-04-20,true
a36336f4-3c21-4f33-bc2b-0b83263ad18d,50aa45ff-2aa4-4392-a41b-324c06c36393,78cdf232-e2e4-43f3-81c2-d06c4f1781f2,,620,1059,2026-04-10,true
bea6dfdd-165b-4f1a-ba4a-a36cc0adda6b,37aa2e8d-d337-4b5e-a612-2d85be7e8e58,e687ea86-c18b-479b-b4e9-f1ac187117d0,,71,406,2026-05-01,true
3a083774-bb06-490d-ab41-c4b8e0843bd2,9bd95da8-1bef-44e8-867b-0c366f495141,78cdf232-e2e4-43f3-81c2-d06c4f1781f2,,96,744,2026-04-14,true
51d3c5da-639b-403e-906f-44859ef9df8d,6485d954-d8f5-4cd3-8c46-b9cb2006c528,c1f0b667-562e-47f1-ba82-8a30e163854b,,421,395,2026-04-11,true
233c3225-3f0e-4e46-b366-a0d7acbc59f5,9cb49809-2d06-4840-893d-900b8b573537,e687ea86-c18b-479b-b4e9-f1ac187117d0,,83,395,2026-04-29,true
cd3c8f5b-8b80-47bb-83f2-1434d53855a1,0e7833b4-38a7-415c-9b8e-930dda331c8d,78cdf232-e2e4-43f3-81c2-d06c4f1781f2,,229,1038,2026-04-22,true
d3f94c2d-fece-4b63-a87c-188cb32e233f,6e2e7f4d-b742-40f1-b51f-6f5497c2dbbd,1de3a37a-8403-42a9-bb4d-686937393109,,431,784,2026-04-23,true
24a2abd8-7797-47bc-9dcd-84537195dc1f,9bdf20a7-469e-47f3-a23d-dfb55485a892,1de3a37a-8403-42a9-bb4d-686937393109,,258,618,2026-05-03,false
eebaa624-9012-4e8a-b68d-6aff5a377dee,8b7396cd-1cdf-41b6-86af-bc1e6ea15f03,3d96f1e6-906d-454a-a53b-2e9ec7136daf,,54,769,2026-04-28,true
d0bc3c60-2dc5-465d-9d5b-481d56e47fa8,0c0a08fe-49a1-42c7-9eb4-abec8cad495c,1de3a37a-8403-42a9-bb4d-686937393109,,668,767,2026-04-06,true
d4de36b8-5b98-4afb-85fa-cb413e6d576e,f5cd2937-e3ad-4a29-bde2-35345b1f1a62,e687ea86-c18b-479b-b4e9-f1ac187117d0,,182,788,2026-04-09,true
ef55f29f-7cb6-4453-bebd-d6b60d47a8c7,7faea604-1b9d-42f8-b451-b8376a98d9ba,78cdf232-e2e4-43f3-81c2-d06c4f1781f2,,768,413,2026-05-05,true
e2f11ae6-b599-45c3-becf-14f794fa3457,ff0a0128-5e3c-4f3c-9be8-91a2d5416f8d,1de3a37a-8403-42a9-bb4d-686937393109,,195,403,2026-05-01,true
6a9b8fc5-fb2c-4da1-bec3-76536b05c5b2,932a246c-5403-476f-93f4-8a565f632e01,34673b3c-46d5-42bd-a614-43dfbc126bf1,,494,308,2026-04-24,false
becbfae6-e93c-4227-a7bb-90451f42bb43,56d14099-3db8-4156-82ac-e34bc3951fb3,1de3a37a-8403-42a9-bb4d-686937393109,,283,806,2026-04-07,true
36ac02df-9bb2-4f28-b5e9-c235d8ff5481,3d1a9dcf-7f4c-404d-a583-f9760fcf5c13,c1f0b667-562e-47f1-ba82-8a30e163854b,,569,611,2026-04-10,false
565b52e4-4852-4e9d-a9e1-2883e402f40b,21945b89-6d67-429b-b65c-36acb9d51a42,a7579a83-4148-47eb-9d30-6c5d8756accb,,624,890,2026-04-06,false
24f7a9bf-914e-47da-8cd7-e8378a385f43,422db447-b895-4d52-b6c4-ca4835c90bda,34673b3c-46d5-42bd-a614-43dfbc126bf1,,116,1011,2026-04-12,true
b647145a-482b-4955-af95-38d634051ff7,63b1e915-18b0-4e82-a423-058f20c32095,34673b3c-46d5-42bd-a614-43dfbc126bf1,,257,867,2026-04-20,true
4f6536cc-ae14-4c66-bb16-34330fc6d036,53facc6d-abfe-4b1d-9db2-71727b7b6438,87867d81-ac74-46f9-85c8-dc55794a5e2e,,795,771,2026-04-15,true
0850b935-4176-4247-a576-5a1ed9008cc0,9fc81992-dcc6-4665-8b56-f43cc99deed8,d650292e-5f02-4723-baba-6c18168de0e3,,178,461,2026-04-18,false
34ce86a9-2b2a-4a15-a2e8-beb42f614cc2,7f3d3075-c09c-4357-87e9-4331bf7e276c,34673b3c-46d5-42bd-a614-43dfbc126bf1,,673,416,2026-04-09,true
c181e72c-ebc7-4994-9cd5-8ada2c847c49,fc8ffc90-6cc8-4034-8779-414dc7b2aac9,87867d81-ac74-46f9-85c8-dc55794a5e2e,,107,410,2026-04-17,true
a493f0f3-97fd-45f2-8a93-8c85b91fe6f3,0b9f16d9-84fc-4260-b108-f5f5f3e06723,e687ea86-c18b-479b-b4e9-f1ac187117d0,,560,828,2026-04-24,false
ba7fdd30-8daf-4a98-9887-dd30a6bb92d0,38d9e565-62da-4358-aa0c-689658fa0dcc,f987b6cf-eaac-4b77-9c4c-10842ee0ef58,,387,1027,2026-04-09,true
d6109af3-6c69-4a70-a09b-a9eb0b70aee0,21dcd03c-69e0-45d2-babf-7ac3065786ee,c1f0b667-562e-47f1-ba82-8a30e163854b,,742,759,2026-04-20,true
d17287d1-0fc7-4dd7-8daa-479e6953ab6d,6638b5ed-2c8f-4507-b0b2-2fd4b5902e83,1de3a37a-8403-42a9-bb4d-686937393109,,774,797,2026-04-16,true
8a92fd00-2a29-4057-b0b5-42a18951a06a,4b120087-ba16-41c5-ace3-5d7ced70ab94,1de3a37a-8403-42a9-bb4d-686937393109,,50,868,2026-05-05,true
33d135e4-4163-4dce-8212-c103e36f72fd,567f591f-0283-43f4-bceb-5e4b0a33b985,34673b3c-46d5-42bd-a614-43dfbc126bf1,,227,662,2026-04-13,false
8b75f2e9-315f-4ea6-b45e-7fbd289f23eb,87432c06-36ee-455a-ab77-d647ea3b30ed,87867d81-ac74-46f9-85c8-dc55794a5e2e,,591,432,2026-04-25,false
a945cfbb-65da-4bae-b16c-3b6c47ff2129,9861ceec-9218-4af9-8da1-a89abc758e0a,e687ea86-c18b-479b-b4e9-f1ac187117d0,,460,1032,2026-04-10,true
95a65ca5-5470-48bc-a302-7f0d5e5cb030,72af40f3-c7e8-4ca8-bdf9-913d60918176,d650292e-5f02-4723-baba-6c18168de0e3,,209,1037,2026-04-12,true
dccf6d9b-9f13-43a3-a0fe-73e249c59e29,4382b44b-dd02-40ad-afe8-fa9f8622a56a,3d96f1e6-906d-454a-a53b-2e9ec7136daf,,799,1039,2026-05-01,true
82056b7b-f158-4701-aeba-0edf9f31265b,204fa6a2-a652-4fd8-8daa-78965bf45a6b,d650292e-5f02-4723-baba-6c18168de0e3,,565,1059,2026-05-01,true
d39d347b-c73b-4249-a384-02d37d13a914,f8a7f2ee-230b-44ac-ae79-f69a659c2266,87867d81-ac74-46f9-85c8-dc55794a5e2e,,562,810,2026-04-25,true
7c2275ba-b0ae-431a-b401-0fedbc470217,029afd20-3c18-461a-b9d1-2e0fc5c9bc7f,f987b6cf-eaac-4b77-9c4c-10842ee0ef58,,386,866,2026-05-03,false
d9f14385-7c21-4a19-a0ad-0eb704f025aa,f3f163b2-246d-43e4-9293-35c6d98bd36c,f987b6cf-eaac-4b77-9c4c-10842ee0ef58,,445,773,2026-04-22,true
afce5a18-c541-47fb-b73a-78a6280e7cec,dadf16b4-11d6-406c-abbe-3128b0fc0c53,d650292e-5f02-4723-baba-6c18168de0e3,,132,1082,2026-05-03,true
58a7e04a-39cf-4864-8cd7-6d14caa00a0c,eb94b5dd-6f92-4e3e-88c1-71b5877648d0,78cdf232-e2e4-43f3-81c2-d06c4f1781f2,,270,592,2026-04-25,false
283a5c13-5cbd-403b-ad49-ecab0643c93c,82c2f1e8-85e1-4c7b-ae14-de11c110cd0b,3d96f1e6-906d-454a-a53b-2e9ec7136daf,,236,1094,2026-04-22,true
2f20dfbe-b730-43c7-b3da-6c62413b46c1,4ea6d402-10df-4552-9ffb-be40bcd5ac36,e687ea86-c18b-479b-b4e9-f1ac187117d0,,376,794,2026-04-16,true
5817e412-9491-4360-9d0c-7fb93c50129d,d2efc9ef-2a98-4ebb-9a98-776635fa1fa6,d650292e-5f02-4723-baba-6c18168de0e3,,632,874,2026-04-20,true
fedad151-0cbd-434b-831f-7d8019bc8971,93c6115f-55a0-476e-ac5f-1e94e30808b0,3d96f1e6-906d-454a-a53b-2e9ec7136daf,,237,846,2026-04-16,true
45169840-ba6d-4b77-b7ab-09d92eb03afd,cd101472-f495-49c0-b847-ba7f912d41f4,d650292e-5f02-4723-baba-6c18168de0e3,,598,401,2026-05-02,true
76ca8121-74aa-44a6-b099-a129eccc5024,2e96e141-eef7-4403-a2c9-7e0e4549caed,34673b3c-46d5-42bd-a614-43dfbc126bf1,,741,1000,2026-04-20,true
9a2048f5-31c6-4598-814d-9408eb458dd7,06028635-d0d5-4b2d-a44b-8c025aebd187,f987b6cf-eaac-4b77-9c4c-10842ee0ef58,,496,596,2026-05-04,false
948632b7-3814-4402-beb3-dac2d5518619,fbc8cccd-e108-4ae9-9193-942bae4e1929,34673b3c-46d5-42bd-a614-43dfbc126bf1,,174,444,2026-04-18,false
e756af4f-3f8a-438e-a025-c3a9b30727d6,8e02cc5b-6767-4372-a203-eac8071d621e,1de3a37a-8403-42a9-bb4d-686937393109,,179,758,2026-04-28,true
e043319b-af4d-4fc2-9561-24f015ba37ec,a09a9458-abc1-4840-bbca-dcba737d38ce,f987b6cf-eaac-4b77-9c4c-10842ee0ef58,,404,795,2026-05-04,false
a102f1ef-60e9-445b-83a3-cd9d28e906ec,1aa1c0c0-e37d-4b8d-ae48-acdfd0ce6da5,f987b6cf-eaac-4b77-9c4c-10842ee0ef58,,247,1052,2026-04-29,true
c86521f8-9079-454c-ba84-35f7162b0ca8,b84f2153-867c-4ce4-8354-7d716b38c8a5,a7579a83-4148-47eb-9d30-6c5d8756accb,,238,1039,2026-04-09,true
959f7b6f-a402-48fb-963c-fc44ae2c1432,b598f21e-8d3a-4d2f-8767-95b06dee82e1,c1f0b667-562e-47f1-ba82-8a30e163854b,,395,1005,2026-04-21,true
9d882db1-aea0-4d03-bf3e-38408cea01da,d7fdb231-c6a2-4d81-9666-1e3312fad59d,f987b6cf-eaac-4b77-9c4c-10842ee0ef58,,645,457,2026-04-06,false
bf6a2442-3cd2-4ee6-b343-eb6b3c898ebb,5d86e209-2f44-4718-99cb-179cc16a1f1a,e687ea86-c18b-479b-b4e9-f1ac187117d0,,339,630,2026-04-25,false
5c254891-8e67-4524-a3b2-908561526b46,cd21ca2b-b1df-4efb-b164-cbfbff770ad2,d650292e-5f02-4723-baba-6c18168de0e3,,392,869,2026-04-20,true
3942e2b6-5ffb-47bf-b5e8-86489ce782e6,c12f042a-7b7f-4b7f-93be-bf3ebe0c8911,a7579a83-4148-47eb-9d30-6c5d8756accb,,530,1045,2026-05-03,true
c03f9cd9-92f3-4102-b00c-a97743b7795a,280822ec-e862-47d0-a987-3c3fae22de14,a7579a83-4148-47eb-9d30-6c5d8756accb,,78,642,2026-04-06,false
a9e59930-358d-4f96-a650-d0f468088680,913af747-b24d-45b0-aa87-22c71dd62ae9,1de3a37a-8403-42a9-bb4d-686937393109,,229,1027,2026-04-25,true
2568c3c4-8914-4cf0-8c9d-d3ae70c6aa5c,19a7f3b8-5911-4732-a234-1f94bd3b58d1,1de3a37a-8403-42a9-bb4d-686937393109,,321,1069,2026-04-28,true
6fc19ae9-0a3b-41ad-894c-75ad979cc06f,2c8a1200-1dde-4bb3-bc7e-f9db110042f8,f987b6cf-eaac-4b77-9c4c-10842ee0ef58,,139,749,2026-05-03,true
a088e175-ab89-4972-8ff4-87437b189bb1,4f982743-d094-48dc-9d3f-305ce1e91761,f987b6cf-eaac-4b77-9c4c-10842ee0ef58,,402,769,2026-04-28,true
be633107-873f-404c-99da-eed32fa00779,ecece34b-52ae-4ff0-a892-85eab5754379,e687ea86-c18b-479b-b4e9-f1ac187117d0,,185,1074,2026-04-23,true
901262f4-d875-4390-9c48-3567043c6e60,aa2f2f63-c790-4e5c-9d19-2af1c961495d,e687ea86-c18b-479b-b4e9-f1ac187117d0,,399,1028,2026-04-20,true
d570d665-4185-464c-88cd-1b0b2f763be8,304efcbe-5acd-40da-a329-80280fda1878,34673b3c-46d5-42bd-a614-43dfbc126bf1,,777,572,2026-05-05,true
62abaa09-ff37-46cd-aa43-19ca2ffabfeb,b1fa486e-ca79-40e3-948a-3f45a9d71533,34673b3c-46d5-42bd-a614-43dfbc126bf1,,83,542,2026-05-01,true
69dc22b4-d556-4d5b-be76-b0b874ca5f42,2ba1e5be-5727-4cec-bbd9-7881a6e2bc21,a7579a83-4148-47eb-9d30-6c5d8756accb,,344,555,2026-04-28,true
96915d41-608f-4647-94ba-6bc034cf7fc3,50f8253e-887f-4b86-b9ab-6a8d3402c083,3d96f1e6-906d-454a-a53b-2e9ec7136daf,,113,788,2026-05-02,true
f873ca37-7a94-4aa9-8c03-a1ed526755d1,3537b90a-41e6-407b-a24f-199df74d93a4,f987b6cf-eaac-4b77-9c4c-10842ee0ef58,,623,795,2026-04-14,true
7f512985-dfec-4760-bcf6-c156b5437a03,aa4baa9c-170f-47e8-bdd1-aa511372b582,f987b6cf-eaac-4b77-9c4c-10842ee0ef58,,551,1018,2026-04-16,true
f95bff54-6d22-41f9-b721-ffce9538485d,4204b9e0-146d-4584-841b-dd87b953f019,f987b6cf-eaac-4b77-9c4c-10842ee0ef58,,488,633,2026-04-22,false
f06efd5b-a22e-4013-9bb7-ef5e4c610050,fe443103-1c13-4ce8-ad48-8c47d3f0daf8,f987b6cf-eaac-4b77-9c4c-10842ee0ef58,,282,661,2026-05-04,false
156f0761-9629-426c-b709-0aa41a58092e,7b93aaec-0a2c-45d5-b3d8-ffcc81288a88,34673b3c-46d5-42bd-a614-43dfbc126bf1,,528,821,2026-04-18,false
887bce5e-6fe6-42c7-9528-78110a7cf245,5fc91c8e-a489-480f-9b8f-95207472e188,87867d81-ac74-46f9-85c8-dc55794a5e2e,,82,430,2026-04-08,false
8bbb0511-5ac6-4c6a-b983-14ad4cc28fb3,0b84d5fe-bed6-41a9-905c-32021f2ee3a7,c1f0b667-562e-47f1-ba82-8a30e163854b,,122,989,2026-05-03,true
11a9d72b-26fe-4f35-9391-2dea53c252ee,926cdb0c-a1a2-41fe-9b8e-aa55b64700f0,1de3a37a-8403-42a9-bb4d-686937393109,,120,802,2026-04-06,true
fd20b38f-3414-4520-bbbd-0a39639484d6,e435a176-0f56-4e0f-978d-f61459214159,87867d81-ac74-46f9-85c8-dc55794a5e2e,,433,1045,2026-05-04,true
1853beb1-da8e-4159-85a2-1e131d8be1bc,f0215a21-5eb4-4770-befe-49b697eca66a,c1f0b667-562e-47f1-ba82-8a30e163854b,,530,548,2026-04-06,true
dbf2bbe0-2d73-4e32-85ef-654d593391e6,e772a3ca-7615-40cc-a0f1-6a72b9dc9ebb,3d96f1e6-906d-454a-a53b-2e9ec7136daf,,228,862,2026-04-26,false
33da38cc-b29b-4f42-a8fe-4989972de64a,a7e93051-dc72-40f6-9bb0-7e931a1ea94f,78cdf232-e2e4-43f3-81c2-d06c4f1781f2,,703,1009,2026-04-19,true
5c30a7a0-f3fe-4b98-87f0-cf7ce47a1fcc,cbf9495f-8697-47f9-8dcb-a5c06c3d3bb4,78cdf232-e2e4-43f3-81c2-d06c4f1781f2,,717,1054,2026-04-27,true
58830c50-5863-412b-968c-211539794663,38c7a5cc-778d-468b-9d32-7a3f8e8d654b,c1f0b667-562e-47f1-ba82-8a30e163854b,,266,732,2026-04-10,true
f622fd6e-fa69-425b-8a64-d22aaa45e54b,36bac89a-08ff-44f9-a2e7-801080568d20,c1f0b667-562e-47f1-ba82-8a30e163854b,,256,558,2026-04-09,true
da0cee4c-6987-490b-ab41-1a2b563dcdd8,09e9720f-8d5d-449f-a480-34c1e2fb88cf,78cdf232-e2e4-43f3-81c2-d06c4f1781f2,,132,312,2026-04-19,false
01a421ef-a048-4dd4-a5c0-8c21868053f4,6e4a5d51-6a80-48f3-9019-5c356aebae3d,3d96f1e6-906d-454a-a53b-2e9ec7136daf,,743,1060,2026-04-21,true
ae8e6026-003c-41ac-a9ff-a3ec7174596f,ba58a6ef-a88a-45ab-9596-41eea4e8b87a,78cdf232-e2e4-43f3-81c2-d06c4f1781f2,,641,323,2026-05-01,false
4a686709-accf-4f2b-bc82-b03dd3aeac6e,a6c1720a-9f1e-4dda-9433-bc446073f835,f987b6cf-eaac-4b77-9c4c-10842ee0ef58,,600,886,2026-04-20,true
f6f2a4d3-779a-48e2-bd89-bb69de19c12b,fa9def9b-eb92-4fa6-8ab6-57bb718aefbf,e687ea86-c18b-479b-b4e9-f1ac187117d0,,188,816,2026-05-03,true
ff411ef4-46f0-40b9-9823-3a95c3eac7f5,c51f449e-a8d6-4e1f-bbc6-497081afe545,1de3a37a-8403-42a9-bb4d-686937393109,,590,801,2026-04-11,true
e3f999e9-b817-48f9-b2ae-e12dc5c5cb41,d98962f2-05d3-40ac-aac9-5daf67913e30,3d96f1e6-906d-454a-a53b-2e9ec7136daf,,338,1060,2026-04-07,true
52ffa609-7424-4049-9b16-9be266a85820,c66acc32-69d4-4f7a-a938-b9a6e223f298,1de3a37a-8403-42a9-bb4d-686937393109,,123,1069,2026-04-12,true
ea23e6bf-857a-47d8-8b02-7803aa1da684,5e47cc11-fc6d-4288-8630-11fca808b74f,a7579a83-4148-47eb-9d30-6c5d8756accb,,185,860,2026-04-20,false
